<?xml version="1.0" encoding="utf-8" ?>
<dwsync>
<file name="admin_login.php" server="D:/souk/" local="130009980531908935" remote="130009980530000000" Dst="1" />
<file name="inventory_list.php" server="D:/souk/" local="130010363942969029" remote="130010363940000000" Dst="1" />
<file name="index.php" server="D:/souk/" local="130023245654223998" remote="130023245650000000" Dst="1" />
<file name="inventory_edit.php" server="D:/souk/" local="130009978167733712" remote="130009978160000000" Dst="1" />
<file name="template_header2.php" server="D:/souk/" local="130073846849924964" remote="130073846840000000" Dst="2" />
<file name="inventory_list_admin.php" server="D:/souk/" local="130023196660000000" remote="130023196660000000" Dst="1" />
<file name="admin_login_principal.php" server="D:/souk/" local="130023201980000000" remote="130023201980000000" Dst="1" />
<file name="indexAdmin.php" server="D:/souk/" local="130023217360000000" remote="130023217360000000" Dst="1" />
<file name="inventory_edit_admin.php" server="D:/souk/" local="130024068470000000" remote="130024068470000000" Dst="1" />
<file name="user_edit_admin.php" server="D:/souk/" local="130042960043841323" remote="130042960040000000" Dst="1" />
<file name="user_list_admin.php" server="D:/souk/" local="130042947865674772" remote="130042947860000000" Dst="1" />
<file name="news_edit_admin.php" server="D:/souk/" local="130045624271996202" remote="130045624270000000" Dst="1" />
<file name="news_list_admin.php" server="D:/souk/" local="130045629088451687" remote="130045629080000000" Dst="1" />
<file name="template_footer2.php" server="D:/souk/" local="130068182388325359" remote="130068182380000000" Dst="2" />
<file name="user_details_admin.php" server="D:/souk/" local="130043826366461834" remote="130043826360000000" Dst="1" />
<file name="contact_list_admin.php" server="D:/souk/" local="130063726210000000" remote="130063726210000000" Dst="1" />
<file name="contact_details_admin.php" server="D:/souk/" local="130063821288933826" remote="130063821280000000" Dst="1" />
<file name="user_edit_login.php" server="D:/souk/" local="130073421846117349" remote="130073421840000000" Dst="1" />
<file name="user_edit_profil.php" server="D:/souk/" local="130073223013417268" remote="130073223010000000" Dst="1" />
<file name="perdu.php" server="D:/souk/" local="130098990010000000" remote="130098990010000000" Dst="2" />
</dwsync>